Workbook

Sheet menu_items
A1: menu_item_id | B1: item_name | C1: category | D1: price
A2: 101 | B2: Hamburger | C2: American | D2: 12.95
A3: 102 | B3: Cheeseburger | C3: American | D3: 13.95
A4: 103 | B4: Hot Dog | C4: American | D4: 9
A5: 104 | B5: Veggie Burger | C5: American | D5: 10.5
A6: 105 | B6: Mac & Cheese | C6: American | D6: 7
A7: 106 | B7: French Fries | C7: American | D7: 7
A8: 107 | B8: Orange Chicken | C8: Asian | D8: 16.5
A9: 108 | B9: Tofu Pad Thai | C9: Asian | D9: 14.5
A10: 109 | B10: Korean Beef Bowl | C10: Asian | D10: 17.95
A11: 110 | B11: Pork Ramen | C11: Asian | D11: 17.95
A12: 111 | B12: California Roll | C12: Asian | D12: 11.95
A13: 112 | B13: Salmon Roll | C13: Asian | D13: 14.95
... A33: 132 | B33: Eggplant Parmesan | C33: Italian | D33: 16.95

Sheet orders_details
A2: Order details id | B2: Order id | C2: Order date | D2: Order time | E2: Item_id | F2: Items name | G2: Category | H2: Price | I2: Revenue | J2: Month | K2: Day | L2: Hour
A3: 1 | B3: 1 | C3: 44927 | D3: 0.48513889 | E3: 109 | F3: Korean Beef Bowl | G3: Asian
A4: 2 | B4: 2 | C4: 44928 | D4: 0.49837963 | E4: 108 | F4: Tofu Pad Thai
A5: 3 | B5: 2 | C5: 44929 | D5: 0.49837963 | E5: 124 | F5: Spaghetti
A6: 4 | B6: 2 | C6: 44930 | D6: 0.49837963 | E6: 117 | F6: Chicken Burrito
A7: 5 | B7: 2 | C7: 44931 | D7: 0.49837963 | E7: 129 | F7: Mushroom Ravioli
A8: 6 | B8: 2 | C8: 44932 | D8: 0.49837963 | E8: 106 | F8: French Fries
A9: 7 | B9: 3 | C9: 44933 | D9: 0.50865741 | E9: 117 | F9: Chicken Burrito
A10: 8 | B10: 3 | C10: 44934 | D10: 0.50865741 | E10: 119 | F10: Chicken Torta
A11: 9 | B11: 4 | C11: 44935 | D11: 0.51146991 | E11: 117 | F11: Chicken Burrito
A12: 10 | B12: 5 | C12: 44936 | D12: 0.51493056 | E12: 117 | F12: Chicken Burrito
A13: 11 | B13: 6 | C13: 44937 | D13: 0.52055556 | E13: 101 | F13: Hamburger
A14: 12 | B14: 6 | C14: 44938 | D14: 0.52055556 | E14: 114 | F14: Potstickers
A15: 13 | B15: 7 | C15: 44939 | D15: 0.53515046 | E15: 123 | F15: Chips & Guacamole
... A123: 121 | B123: 49 | C123: 45047 | D123: 0.77291667 | E123: 120 | F123: Steak Torta

Sheet sales analysis
A2: Order details id | B2: Order id | C2: Order date | D2: Order time | E2: Item_id | F2: Items name | G2: Category | H2: Price | I2: Revenue | J2: Month | K2: Day | L2: Hour
A3: 1 | B3: 1 | C3: 44927 | D3: 0.48513889 | E3: 109 | F3: Korean Beef Bowl | G3: =VLOOKUP(E3,menu_items!A:C,3,0) -> Asian | H3: =VLOOKUP(E3, menu_items!A:D,4,0) -> 17.95 | I3: =H3 -> 17.95 | J3: =TEXT(C3,"mmm") -> Jan | K3: =TEXT(C3,"dddd") -> Sunday | L3: =HOUR(D3) -> 11
A4: 2 | B4: 2 | C4: 44928 | D4: 0.49837963 | E4: 108 | F4: Tofu Pad Thai | G4: =VLOOKUP(E4,menu_items!A:C,3,0) -> Asian | H4: =VLOOKUP(E4, menu_items!A:D,4,0) -> 14.5 | I4: =H4 -> 14.5 | J4: =TEXT(C4,"mmm") -> Jan | K4: =TEXT(C4,"dddd") -> Monday | L4: =HOUR(D4) -> 11
A5: 3 | B5: 2 | C5: 44929 | D5: 0.49837963 | E5: 124 | F5: Spaghetti | G5: =VLOOKUP(E5,menu_items!A:C,3,0) -> Italian | H5: =VLOOKUP(E5, menu_items!A:D,4,0) -> 14.5 | I5: =H5 -> 14.5 | J5: =TEXT(C5,"mmm") -> Jan | K5: =TEXT(C5,"dddd") -> Tuesday | L5: =HOUR(D5) -> 11
A6: 4 | B6: 2 | C6: 44930 | D6: 0.49837963 | E6: 117 | F6: Chicken Burrito | G6: =VLOOKUP(E6,menu_items!A:C,3,0) -> Mexican | H6: =VLOOKUP(E6, menu_items!A:D,4,0) -> 12.95 | I6: =H6 -> 12.95 | J6: =TEXT(C6,"mmm") -> Jan | K6: =TEXT(C6,"dddd") -> Wednesday | L6: =HOUR(D6) -> 11
A7: 5 | B7: 2 | C7: 44931 | D7: 0.49837963 | E7: 129 | F7: Mushroom Ravioli | G7: =VLOOKUP(E7,menu_items!A:C,3,0) -> Italian | H7: =VLOOKUP(E7, menu_items!A:D,4,0) -> 15.5 | I7: =H7 -> 15.5 | J7: =TEXT(C7,"mmm") -> Jan | K7: =TEXT(C7,"dddd") -> Thursday | L7: =HOUR(D7) -> 11
A8: 6 | B8: 2 | C8: 44932 | D8: 0.49837963 | E8: 106 | F8: French Fries | G8: =VLOOKUP(E8,menu_items!A:C,3,0) -> American | H8: =VLOOKUP(E8, menu_items!A:D,4,0) -> 7 | I8: =H8 -> 7 | J8: =TEXT(C8,"mmm") -> Jan | K8: =TEXT(C8,"dddd") -> Friday | L8: =HOUR(D8) -> 11
A9: 7 | B9: 3 | C9: 44933 | D9: 0.50865741 | E9: 117 | F9: Chicken Burrito | G9: =VLOOKUP(E9,menu_items!A:C,3,0) -> Mexican | H9: =VLOOKUP(E9, menu_items!A:D,4,0) -> 12.95 | I9: =H9 -> 12.95 | J9: =TEXT(C9,"mmm") -> Jan | K9: =TEXT(C9,"dddd") -> Saturday | L9: =HOUR(D9) -> 12
A10: 8 | B10: 3 | C10: 44934 | D10: 0.50865741 | E10: 119 | F10: Chicken Torta | G10: =VLOOKUP(E10,menu_items!A:C,3,0) -> Mexican | H10: =VLOOKUP(E10, menu_items!A:D,4,0) -> 11.95 | I10: =H10 -> 11.95 | J10: =TEXT(C10,"mmm") -> Jan | K10: =TEXT(C10,"dddd") -> Sunday | L10: =HOUR(D10) -> 12
A11: 9 | B11: 4 | C11: 44935 | D11: 0.51146991 | E11: 117 | F11: Chicken Burrito | G11: =VLOOKUP(E11,menu_items!A:C,3,0) -> Mexican | H11: =VLOOKUP(E11, menu_items!A:D,4,0) -> 12.95 | I11: =H11 -> 12.95 | J11: =TEXT(C11,"mmm") -> Jan | K11: =TEXT(C11,"dddd") -> Monday | L11: =HOUR(D11) -> 12
A12: 10 | B12: 5 | C12: 44936 | D12: 0.51493056 | E12: 117 | F12: Chicken Burrito | G12: =VLOOKUP(E12,menu_items!A:C,3,0) -> Mexican | H12: =VLOOKUP(E12, menu_items!A:D,4,0) -> 12.95 | I12: =H12 -> 12.95 | J12: =TEXT(C12,"mmm") -> Jan | K12: =TEXT(C12,"dddd") -> Tuesday | L12: =HOUR(D12) -> 12
A13: 11 | B13: 6 | C13: 44937 | D13: 0.52055556 | E13: 101 | F13: Hamburger | G13: =VLOOKUP(E13,menu_items!A:C,3,0) -> American | H13: =VLOOKUP(E13, menu_items!A:D,4,0) -> 12.95 | I13: =H13 -> 12.95 | J13: =TEXT(C13,"mmm") -> Jan | K13: =TEXT(C13,"dddd") -> Wednesday | L13: =HOUR(D13) -> 12
A14: 12 | B14: 6 | C14: 44938 | D14: 0.52055556 | E14: 114 | F14: Potstickers | G14: =VLOOKUP(E14,menu_items!A:C,3,0) -> Asian | H14: =VLOOKUP(E14, menu_items!A:D,4,0) -> 9 | I14: =H14 -> 9 | J14: =TEXT(C14,"mmm") -> Jan | K14: =TEXT(C14,"dddd") -> Thursday | L14: =HOUR(D14) -> 12
... A123: 121 | B123: 49 | C123: 45047 | D123: 0.77291667 | E123: 120 | F123: Steak Torta | G123: =VLOOKUP(E123,menu_items!A:C,3,0) -> Mexican | H123: =VLOOKUP(E123, menu_items!A:D,4,0) -> 13.95 | I123: =H123 -> 13.95 | J123: =TEXT(C123,"mmm") -> May | K123: =TEXT(C123,"dddd") -> Monday | L123: =HOUR(D123) -> 18

Sheet top 10 selling products
B1: Business question 1
A2: What are the top 10 selling products?
A3: Row Labels | B3: Count of Items name
A4: Chicken Burrito | B4: 12
A5: Fettuccine Alfredo | B5: 7
A6: French Fries | B6: 7
A7: Hamburger | B7: 7
A8: Mac & Cheese | B8: 5
A9: Mushroom Ravioli | B9: 8
A10: Pork Ramen | B10: 7
A11: Spaghetti | B11: 6
A12: Spaghetti & Meatballs | B12: 5
A13: Tofu Pad Thai | B13: 6
A14: Grand Total | B14: 70

Sheet total revenue
B1: Business question 2
A2: what is the total revenue generated?
A3: Sum of Revenue
A4: 1604.05

Sheet orders placed
B1: Business question 3
A2: How many total orders were placed?
A3: Row Labels | B3: Count of Items name
A4: California Roll | B4: 2
A5: Cheese Lasagna | B5: 1
A6: Cheese Quesadillas | B6: 1
A7: Cheeseburger | B7: 4
A8: Chicken Burrito | B8: 12
A9: Chicken Parmesan | B9: 2
A10: Chicken Torta | B10: 3
A11: Chips & Guacamole | B11: 2
A12: Chips & Salsa | B12: 2
A13: Edamame | B13: 4
A14: Eggplant Parmesan | B14: 3
A15: Fettuccine Alfredo | B15: 7
... A35: Grand Total | B35: 121

Sheet top 10 revenue generated
B1: Business question 4
A2: which top 10 revenue generated product?
A3: Row Labels | B3: Sum of Revenue
A4: Cheeseburger | B4: 55.8
A5: Chicken Burrito | B5: 155.4
A6: Fettuccine Alfredo | B6: 101.5
A7: Hamburger | B7: 90.65
A8: Mushroom Ravioli | B8: 124
A9: Orange Chicken | B9: 66
A10: Pork Ramen | B10: 125.65
A11: Spaghetti | B11: 87
A12: Spaghetti & Meatballs | B12: 89.75
A13: Tofu Pad Thai | B13: 87
A14: Grand Total | B14: 982.75

Sheet revenue  by category
B1: Business question 5
A2: how much revenue was generated by each category?
A3: Row Labels | B3: Sum of Revenue
A4: American | B4: 279.95
A5: Asian | B5: 427.35
A6: Italian | B6: 562.35
A7: Mexican | B7: 334.4
A8: Grand Total | B8: 1604.05

Sheet monthly revenue trend
B1: Business question 6
A2: How does revenue vary by month?
A3: Row Labels | B3: Sum of Revenue
A4: Jan | B4: 401.65
A5: Feb | B5: 396.8
A6: Mar | B6: 381.35
A7: Apr | B7: 410.3
A8: May | B8: 13.95
A9: Grand Total | B9: 1604.05

Sheet orders by day
B1: Business question 7
A2: Numbers of orders by day of the week?
A3: Row Labels | B3: Sum of Revenue
A4: Sunday | B4: 239.05
A5: Monday | B5: 250.6
A6: Tuesday | B6: 253.05
A7: Wednesday | B7: 226.45
A8: Thursday | B8: 217.55
A9: Friday | B9: 213.6
A10: Saturday | B10: 203.75
A11: Grand Total | B11: 1604.05
